220419_12S_barcode01_consensus_cl_id_0_total_supporting_reads_2258	KX381423	96.739	92	3	0	1	92	279	188	153.0	108852	N/A	92	GGTGGGTGTGAAGCACCGCCAAGTCCTTTGAGTTTTAAGCTATTGCTAGTAGTTCTCAGGCAAAAATTTTTGTTATAAAATCTTTATGTTTA	KX381423.1;108852;Cuniculus paca isolate M1114 12S ribosomal RNA gene, partial sequence; mitochondrial	root;cellular organisms;Eukaryota;Opisthokonta;Metazoa;Eumetazoa;Bilateria;Deuterostomia;Chordata;Craniata;Vertebrata;Gnathostomata;Teleostomi;Euteleostomi;Sarcopterygii;Dipnotetrapodomorpha;Tetrapoda;Amniota;Mammalia;Theria;Eutheria;Boreoeutheria;Euarchontoglires;Glires;Rodentia;Hystricomorpha;Cuniculidae;Cuniculus;Cuniculus paca;
220419_12S_barcode01_consensus_cl_id_0_total_supporting_reads_2258	AF520693	96.739	92	3	0	1	92	537	446	153.0	108852	N/A	92	GGTGGGTGTGAAGCACCGCCAAGTCCTTTGAGTTTTAAGCTATTGCTAGTAGTTCTCAGGCAAAAATTTTTGTTATAAAATCTTTATGTTTA	AF520693.1;108852;Agouti paca isolate K7 12S ribosomal RNA gene, partial sequence	root;cellular organisms;Eukaryota;Opisthokonta;Metazoa;Eumetazoa;Bilateria;Deuterostomia;Chordata;Craniata;Vertebrata;Gnathostomata;Teleostomi;Euteleostomi;Sarcopterygii;Dipnotetrapodomorpha;Tetrapoda;Amniota;Mammalia;Theria;Eutheria;Boreoeutheria;Euarchontoglires;Glires;Rodentia;Hystricomorpha;Cuniculidae;Cuniculus;Cuniculus paca;
 

220419_12S_barcode01_consensus_cl_id_2_total_supporting_reads_2269	KX381447	100.000	98	0	0	1	98	277	180	178.0	187985	N/A	98	GGTGGGTGTAAGCACCGTCAAGTCCTTTGAGTTTTAAGCTGTTGCTAGTAGTTCTCTGGCAAAAATTTTTGTTGAAAAATTTTTATGTTTATGGTTAG	KX381447.1;187985;Coendou prehensilis isolate M1362 12S ribosomal RNA gene, partial sequence; mitochondrial	root;cellular organisms;Eukaryota;Opisthokonta;Metazoa;Eumetazoa;Bilateria;Deuterostomia;Chordata;Craniata;Vertebrata;Gnathostomata;Teleostomi;Euteleostomi;Sarcopterygii;Dipnotetrapodomorpha;Tetrapoda;Amniota;Mammalia;Theria;Eutheria;Boreoeutheria;Euarchontoglires;Glires;Rodentia;Hystricomorpha;Erethizontidae;Coendou;
220419_12S_barcode01_consensus_cl_id_2_total_supporting_reads_2269	AF520695	100.000	98	0	0	1	98	539	442	178.0	43320	N/A	98	GGTGGGTGTAAGCACCGTCAAGTCCTTTGAGTTTTAAGCTGTTGCTAGTAGTTCTCTGGCAAAAATTTTTGTTGAAAAATTTTTATGTTTATGGTTAG	AF520695.1;43320;Coendou bicolor isolate K5 12S ribosomal RNA gene, partial sequence	root;cellular organisms;Eukaryota;Opisthokonta;Metazoa;Eumetazoa;Bilateria;Deuterostomia;Chordata;Craniata;Vertebrata;Gnathostomata;Teleostomi;Euteleostomi;Sarcopterygii;Dipnotetrapodomorpha;Tetrapoda;Amniota;Mammalia;Theria;Eutheria;Boreoeutheria;Euarchontoglires;Glires;Rodentia;Hystricomorpha;Erethizontidae;Coendou;
 

220419_12S_barcode01_consensus_cl_id_3578_total_supporting_reads_243	KX381447	98.990	99	0	1	1	99	277	180	171.0	187985	N/A	99	GGTGGGTGTAAGCACACGTCAAGTCCTTTGAGTTTTAAGCTGTTGCTAGTAGTTCTCTGGCAAAAATTTTTGTTGAAAAATTTTTATGTTTATGGTTAG	KX381447.1;187985;Coendou prehensilis isolate M1362 12S ribosomal RNA gene, partial sequence; mitochondrial	root;cellular organisms;Eukaryota;Opisthokonta;Metazoa;Eumetazoa;Bilateria;Deuterostomia;Chordata;Craniata;Vertebrata;Gnathostomata;Teleostomi;Euteleostomi;Sarcopterygii;Dipnotetrapodomorpha;Tetrapoda;Amniota;Mammalia;Theria;Eutheria;Boreoeutheria;Euarchontoglires;Glires;Rodentia;Hystricomorpha;Erethizontidae;Coendou;
220419_12S_barcode01_consensus_cl_id_3578_total_supporting_reads_243	AF520695	98.990	99	0	1	1	99	539	442	171.0	43320	N/A	99	GGTGGGTGTAAGCACACGTCAAGTCCTTTGAGTTTTAAGCTGTTGCTAGTAGTTCTCTGGCAAAAATTTTTGTTGAAAAATTTTTATGTTTATGGTTAG	AF520695.1;43320;Coendou bicolor isolate K5 12S ribosomal RNA gene, partial sequence	root;cellular organisms;Eukaryota;Opisthokonta;Metazoa;Eumetazoa;Bilateria;Deuterostomia;Chordata;Craniata;Vertebrata;Gnathostomata;Teleostomi;Euteleostomi;Sarcopterygii;Dipnotetrapodomorpha;Tetrapoda;Amniota;Mammalia;Theria;Eutheria;Boreoeutheria;Euarchontoglires;Glires;Rodentia;Hystricomorpha;Erethizontidae;Coendou;
 

220419_12S_barcode01_consensus_cl_id_519_total_supporting_reads_648	OM574937	98.058	103	0	2	1	103	614	514	175.0	10117	N/A	103	GATGGATATAAAGTACCGCCAAGTCCTTTGAGGTTTTTAAGCTGTAGCTAGTAGTTCTCTGGCAAATATTTTTGTAGATGTAATTATTAAGGTTTAGGGCTAA	OM574937.1;10117;Rattus rattus isolate KR150765 mitochondrion, complete genome	root;cellular organisms;Eukaryota;Opisthokonta;Metazoa;Eumetazoa;Bilateria;Deuterostomia;Chordata;Craniata;Vertebrata;Gnathostomata;Teleostomi;Euteleostomi;Sarcopterygii;Dipnotetrapodomorpha;Tetrapoda;Amniota;Mammalia;Theria;Eutheria;Boreoeutheria;Euarchontoglires;Glires;Rodentia;Myomorpha;Muroidea;Muridae;Murinae;Rattus;
220419_12S_barcode01_consensus_cl_id_519_total_supporting_reads_648	OM574935	98.058	103	0	2	1	103	614	514	175.0	10117	N/A	103	GATGGATATAAAGTACCGCCAAGTCCTTTGAGGTTTTTAAGCTGTAGCTAGTAGTTCTCTGGCAAATATTTTTGTAGATGTAATTATTAAGGTTTAGGGCTAA	OM574935.1;10117;Rattus rattus isolate SML003 mitochondrion, complete genome	root;cellular organisms;Eukaryota;Opisthokonta;Metazoa;Eumetazoa;Bilateria;Deuterostomia;Chordata;Craniata;Vertebrata;Gnathostomata;Teleostomi;Euteleostomi;Sarcopterygii;Dipnotetrapodomorpha;Tetrapoda;Amniota;Mammalia;Theria;Eutheria;Boreoeutheria;Euarchontoglires;Glires;Rodentia;Myomorpha;Muroidea;Muridae;Murinae;Rattus;
220419_12S_barcode01_consensus_cl_id_519_total_supporting_reads_648	OM574934	98.058	103	0	2	1	103	614	514	175.0	10117	N/A	103	GATGGATATAAAGTACCGCCAAGTCCTTTGAGGTTTTTAAGCTGTAGCTAGTAGTTCTCTGGCAAATATTTTTGTAGATGTAATTATTAAGGTTTAGGGCTAA	OM574934.1;10117;Rattus rattus isolate KR150758 mitochondrion, complete genome	root;cellular organisms;Eukaryota;Opisthokonta;Metazoa;Eumetazoa;Bilateria;Deuterostomia;Chordata;Craniata;Vertebrata;Gnathostomata;Teleostomi;Euteleostomi;Sarcopterygii;Dipnotetrapodomorpha;Tetrapoda;Amniota;Mammalia;Theria;Eutheria;Boreoeutheria;Euarchontoglires;Glires;Rodentia;Myomorpha;Muroidea;Muridae;Murinae;Rattus;
220419_12S_barcode01_consensus_cl_id_519_total_supporting_reads_648	OM574930	98.058	103	0	2	1	103	614	514	175.0	10117	N/A	103	GATGGATATAAAGTACCGCCAAGTCCTTTGAGGTTTTTAAGCTGTAGCTAGTAGTTCTCTGGCAAATATTTTTGTAGATGTAATTATTAAGGTTTAGGGCTAA	OM574930.1;10117;Rattus rattus isolate SNE001 mitochondrion, complete genome	root;cellular organisms;Eukaryota;Opisthokonta;Metazoa;Eumetazoa;Bilateria;Deuterostomia;Chordata;Craniata;Vertebrata;Gnathostomata;Teleostomi;Euteleostomi;Sarcopterygii;Dipnotetrapodomorpha;Tetrapoda;Amniota;Mammalia;Theria;Eutheria;Boreoeutheria;Euarchontoglires;Glires;Rodentia;Myomorpha;Muroidea;Muridae;Murinae;Rattus;
220419_12S_barcode01_consensus_cl_id_519_total_supporting_reads_648	KF011916	98.058	103	0	2	1	103	614	514	175.0	35732	N/A	103	GATGGATATAAAGTACCGCCAAGTCCTTTGAGGTTTTTAAGCTGTAGCTAGTAGTTCTCTGGCAAATATTTTTGTAGATGTAATTATTAAGGTTTAGGGCTAA	KF011916.1;35732;Rattus tanezumi mitochondrion, complete genome	root;cellular organisms;Eukaryota;Opisthokonta;Metazoa;Eumetazoa;Bilateria;Deuterostomia;Chordata;Craniata;Vertebrata;Gnathostomata;Teleostomi;Euteleostomi;Sarcopterygii;Dipnotetrapodomorpha;Tetrapoda;Amniota;Mammalia;Theria;Eutheria;Boreoeutheria;Euarchontoglires;Glires;Rodentia;Myomorpha;Muroidea;Muridae;Murinae;Rattus;
220419_12S_barcode01_consensus_cl_id_519_total_supporting_reads_648	MW524552	98.058	103	0	2	1	103	121	21	175.0	10117	N/A	103	GATGGATATAAAGTACCGCCAAGTCCTTTGAGGTTTTTAAGCTGTAGCTAGTAGTTCTCTGGCAAATATTTTTGTAGATGTAATTATTAAGGTTTAGGGCTAA	MW524552.1;10117;Rattus rattus isolate VM103019-013 small subunit ribosomal RNA gene, partial sequence; mitochondrial	root;cellular organisms;Eukaryota;Opisthokonta;Metazoa;Eumetazoa;Bilateria;Deuterostomia;Chordata;Craniata;Vertebrata;Gnathostomata;Teleostomi;Euteleostomi;Sarcopterygii;Dipnotetrapodomorpha;Tetrapoda;Amniota;Mammalia;Theria;Eutheria;Boreoeutheria;Euarchontoglires;Glires;Rodentia;Myomorpha;Muroidea;Muridae;Murinae;Rattus;
220419_12S_barcode01_consensus_cl_id_519_total_supporting_reads_648	MW209724	98.058	103	0	2	1	103	626	526	175.0	10117	N/A	103	GATGGATATAAAGTACCGCCAAGTCCTTTGAGGTTTTTAAGCTGTAGCTAGTAGTTCTCTGGCAAATATTTTTGTAGATGTAATTATTAAGGTTTAGGGCTAA	MW209724.1;10117;Rattus rattus mitochondrion, complete genome	root;cellular organisms;Eukaryota;Opisthokonta;Metazoa;Eumetazoa;Bilateria;Deuterostomia;Chordata;Craniata;Vertebrata;Gnathostomata;Teleostomi;Euteleostomi;Sarcopterygii;Dipnotetrapodomorpha;Tetrapoda;Amniota;Mammalia;Theria;Eutheria;Boreoeutheria;Euarchontoglires;Glires;Rodentia;Myomorpha;Muroidea;Muridae;Murinae;Rattus;
220419_12S_barcode01_consensus_cl_id_519_total_supporting_reads_648	EU273712	98.058	103	0	2	1	103	614	514	175.0	35732	N/A	103	GATGGATATAAAGTACCGCCAAGTCCTTTGAGGTTTTTAAGCTGTAGCTAGTAGTTCTCTGGCAAATATTTTTGTAGATGTAATTATTAAGGTTTAGGGCTAA	EU273712.1;35732;Rattus tanezumi isolate RJPNAna02 9Oct06 mitochondrion, complete genome	root;cellular organisms;Eukaryota;Opisthokonta;Metazoa;Eumetazoa;Bilateria;Deuterostomia;Chordata;Craniata;Vertebrata;Gnathostomata;Teleostomi;Euteleostomi;Sarcopterygii;Dipnotetrapodomorpha;Tetrapoda;Amniota;Mammalia;Theria;Eutheria;Boreoeutheria;Euarchontoglires;Glires;Rodentia;Myomorpha;Muroidea;Muridae;Murinae;Rattus;
220419_12S_barcode01_consensus_cl_id_519_total_supporting_reads_648	NC_012374	98.058	103	0	2	1	103	614	514	175.0	10117	N/A	103	GATGGATATAAAGTACCGCCAAGTCCTTTGAGGTTTTTAAGCTGTAGCTAGTAGTTCTCTGGCAAATATTTTTGTAGATGTAATTATTAAGGTTTAGGGCTAA	NC_012374.1;10117;Rattus rattus mitochondrion, complete genome	root;cellular organisms;Eukaryota;Opisthokonta;Metazoa;Eumetazoa;Bilateria;Deuterostomia;Chordata;Craniata;Vertebrata;Gnathostomata;Teleostomi;Euteleostomi;Sarcopterygii;Dipnotetrapodomorpha;Tetrapoda;Amniota;Mammalia;Theria;Eutheria;Boreoeutheria;Euarchontoglires;Glires;Rodentia;Myomorpha;Muroidea;Muridae;Murinae;Rattus;
220419_12S_barcode01_consensus_cl_id_519_total_supporting_reads_648	AJ005780	98.058	103	0	2	1	103	545	445	175.0	10117	N/A	103	GATGGATATAAAGTACCGCCAAGTCCTTTGAGGTTTTTAAGCTGTAGCTAGTAGTTCTCTGGCAAATATTTTTGTAGATGTAATTATTAAGGTTTAGGGCTAA	AJ005780.1;10117;Rattus rattus mitochondrial 12S rRNA gene	root;cellular organisms;Eukaryota;Opisthokonta;Metazoa;Eumetazoa;Bilateria;Deuterostomia;Chordata;Craniata;Vertebrata;Gnathostomata;Teleostomi;Euteleostomi;Sarcopterygii;Dipnotetrapodomorpha;Tetrapoda;Amniota;Mammalia;Theria;Eutheria;Boreoeutheria;Euarchontoglires;Glires;Rodentia;Myomorpha;Muroidea;Muridae;Murinae;Rattus;
 

220419_12S_barcode01_consensus_cl_id_776_total_supporting_reads_892	KX381438	100.000	96	0	0	5	100	180	275	174.0	157541	N/A	100	AGCCCTAAACATCAATAATTTATAACAAAATTATTTGCCTGGGAACTACTAGCCACCGCTTAAAACCCAAAGGACTTGGCGGTACTTTATATCCAC	KX381438.1;157541;Zygodontomys brevicauda isolate M1167 12S ribosomal RNA gene, partial sequence; mitochondrial	root;cellular organisms;Eukaryota;Opisthokonta;Metazoa;Eumetazoa;Bilateria;Deuterostomia;Chordata;Craniata;Vertebrata;Gnathostomata;Teleostomi;Euteleostomi;Sarcopterygii;Dipnotetrapodomorpha;Tetrapoda;Amniota;Mammalia;Theria;Eutheria;Boreoeutheria;Euarchontoglires;Glires;Rodentia;Myomorpha;Muroidea;Cricetidae;Sigmodontinae;Zygodontomys;Zygodontomys brevicauda;
220419_12S_barcode01_consensus_cl_id_776_total_supporting_reads_892	KX381437	100.000	96	0	0	5	100	180	275	174.0	157541	N/A	100	AGCCCTAAACATCAATAATTTATAACAAAATTATTTGCCTGGGAACTACTAGCCACCGCTTAAAACCCAAAGGACTTGGCGGTACTTTATATCCAC	KX381437.1;157541;Zygodontomys brevicauda isolate M1166 12S ribosomal RNA gene, partial sequence; mitochondrial	root;cellular organisms;Eukaryota;Opisthokonta;Metazoa;Eumetazoa;Bilateria;Deuterostomia;Chordata;Craniata;Vertebrata;Gnathostomata;Teleostomi;Euteleostomi;Sarcopterygii;Dipnotetrapodomorpha;Tetrapoda;Amniota;Mammalia;Theria;Eutheria;Boreoeutheria;Euarchontoglires;Glires;Rodentia;Myomorpha;Muroidea;Cricetidae;Sigmodontinae;Zygodontomys;Zygodontomys brevicauda;
 

220419_12S_barcode01_consensus_cl_id_9_total_supporting_reads_624	KU892764	95.876	97	4	0	3	99	515	611	158.0	43323	N/A	99	TAGCCATAAACATAAAAATTTTACAACAAAAATTTTTGCCAGAGAACTACTAGCAACAGCTTAAAACTCAAAGGACTTGGCGGTGCTTTACACCCAC	KU892764.1;43323;Trinomys setosus voucher UFES:YL-710 mitochondrion, complete genome	root;cellular organisms;Eukaryota;Opisthokonta;Metazoa;Eumetazoa;Bilateria;Deuterostomia;Chordata;Craniata;Vertebrata;Gnathostomata;Teleostomi;Euteleostomi;Sarcopterygii;Dipnotetrapodomorpha;Tetrapoda;Amniota;Mammalia;Theria;Eutheria;Boreoeutheria;Euarchontoglires;Glires;Rodentia;Hystricomorpha;
220419_12S_barcode01_consensus_cl_id_9_total_supporting_reads_624	KX381447	95.960	99	3	1	1	99	179	276	158.0	187985	N/A	99	CCTAGCCATAAACATAAAAATTTTACAACAAAAATTTTTGCCAGAGAACTACTAGCAACAGCTTAAAACTCAAAGGACTTGGCGGTGCTTTACACCCAC	KX381447.1;187985;Coendou prehensilis isolate M1362 12S ribosomal RNA gene, partial sequence; mitochondrial	root;cellular organisms;Eukaryota;Opisthokonta;Metazoa;Eumetazoa;Bilateria;Deuterostomia;Chordata;Craniata;Vertebrata;Gnathostomata;Teleostomi;Euteleostomi;Sarcopterygii;Dipnotetrapodomorpha;Tetrapoda;Amniota;Mammalia;Theria;Eutheria;Boreoeutheria;Euarchontoglires;Glires;Rodentia;Hystricomorpha;
220419_12S_barcode01_consensus_cl_id_9_total_supporting_reads_624	KX655539	95.876	97	4	0	3	99	515	611	158.0	43323	N/A	99	TAGCCATAAACATAAAAATTTTACAACAAAAATTTTTGCCAGAGAACTACTAGCAACAGCTTAAAACTCAAAGGACTTGGCGGTGCTTTACACCCAC	KX655539.1;43323;Trinomys setosus mitochondrion, complete genome	root;cellular organisms;Eukaryota;Opisthokonta;Metazoa;Eumetazoa;Bilateria;Deuterostomia;Chordata;Craniata;Vertebrata;Gnathostomata;Teleostomi;Euteleostomi;Sarcopterygii;Dipnotetrapodomorpha;Tetrapoda;Amniota;Mammalia;Theria;Eutheria;Boreoeutheria;Euarchontoglires;Glires;Rodentia;Hystricomorpha;
220419_12S_barcode01_consensus_cl_id_9_total_supporting_reads_624	AF433907	95.876	97	4	0	3	99	440	536	158.0	143288	N/A	99	TAGCCATAAACATAAAAATTTTACAACAAAAATTTTTGCCAGAGAACTACTAGCAACAGCTTAAAACTCAAAGGACTTGGCGGTGCTTTACACCCAC	AF433907.1;143288;Agouti taczanowskii isolate H6192 12S ribosomal RNA gene, partial sequence; mitochondrial gene for mitochondrial product	root;cellular organisms;Eukaryota;Opisthokonta;Metazoa;Eumetazoa;Bilateria;Deuterostomia;Chordata;Craniata;Vertebrata;Gnathostomata;Teleostomi;Euteleostomi;Sarcopterygii;Dipnotetrapodomorpha;Tetrapoda;Amniota;Mammalia;Theria;Eutheria;Boreoeutheria;Euarchontoglires;Glires;Rodentia;Hystricomorpha;
220419_12S_barcode01_consensus_cl_id_9_total_supporting_reads_624	AF520695	95.960	99	3	1	1	99	441	538	158.0	43320	N/A	99	CCTAGCCATAAACATAAAAATTTTACAACAAAAATTTTTGCCAGAGAACTACTAGCAACAGCTTAAAACTCAAAGGACTTGGCGGTGCTTTACACCCAC	AF520695.1;43320;Coendou bicolor isolate K5 12S ribosomal RNA gene, partial sequence	root;cellular organisms;Eukaryota;Opisthokonta;Metazoa;Eumetazoa;Bilateria;Deuterostomia;Chordata;Craniata;Vertebrata;Gnathostomata;Teleostomi;Euteleostomi;Sarcopterygii;Dipnotetrapodomorpha;Tetrapoda;Amniota;Mammalia;Theria;Eutheria;Boreoeutheria;Euarchontoglires;Glires;Rodentia;Hystricomorpha;
220419_12S_barcode01_consensus_cl_id_9_total_supporting_reads_624	AF422870	95.876	97	4	0	3	99	448	544	158.0	109337	N/A	99	TAGCCATAAACATAAAAATTTTACAACAAAAATTTTTGCCAGAGAACTACTAGCAACAGCTTAAAACTCAAAGGACTTGGCGGTGCTTTACACCCAC	AF422870.1;109337;Trinomys setosus denigratus clone MNRJ 31441 12S ribosomal RNA gene, partial sequence; mitochondrial gene for mitochondrial product	root;cellular organisms;Eukaryota;Opisthokonta;Metazoa;Eumetazoa;Bilateria;Deuterostomia;Chordata;Craniata;Vertebrata;Gnathostomata;Teleostomi;Euteleostomi;Sarcopterygii;Dipnotetrapodomorpha;Tetrapoda;Amniota;Mammalia;Theria;Eutheria;Boreoeutheria;Euarchontoglires;Glires;Rodentia;Hystricomorpha;
220419_12S_barcode01_consensus_cl_id_9_total_supporting_reads_624	AY012125	95.876	97	4	0	3	99	451	547	158.0	143288	N/A	99	TAGCCATAAACATAAAAATTTTACAACAAAAATTTTTGCCAGAGAACTACTAGCAACAGCTTAAAACTCAAAGGACTTGGCGGTGCTTTACACCCAC	AY012125.1;143288;Cuniculus taczanowskii 12S ribosomal RNA gene, partial sequence; and tRNA-Val gene, complete sequence; mitochondrial	root;cellular organisms;Eukaryota;Opisthokonta;Metazoa;Eumetazoa;Bilateria;Deuterostomia;Chordata;Craniata;Vertebrata;Gnathostomata;Teleostomi;Euteleostomi;Sarcopterygii;Dipnotetrapodomorpha;Tetrapoda;Amniota;Mammalia;Theria;Eutheria;Boreoeutheria;Euarchontoglires;Glires;Rodentia;Hystricomorpha;
 

